transaction_id,user_id,amount,transaction_type,merchant_category,country,hour,device_risk_score,ip_risk_score,is_fraud
1,202,3185.04,Online,Travel,UK,19,0.20955416599995152,0.27099419429890076,0
2,535,2776.3,QR,Electronics,DE,8,0.0,0.07906510082826987,0
3,960,459.56,ATM,Clothing,UK,21,0.26464099099899585,0.640750593634116,0
4,370,3633.35,QR,Food,DE,14,0.35364857747519995,0.3085124829885677,0
5,206,2739.49,Online,Clothing,UK,0,0.6058977058699774,0.42265582576664806,0
6,171,2257.3,POS,Clothing,FR,11,0.07527718229179775,0.15853683868883298,0
7,800,4552.8,QR,Electronics,US,2,0.0,0.03431851624833789,1
8,120,1493.31,ATM,Clothing,DE,10,0.5798102222953898,0.0,0
9,714,2620.39,Online,Clothing,TR,1,0.015565820423503351,0.5175928868086832,0
10,221,3489.72,QR,Grocery,US,15,0.0,0.0,0
11,566,3983.38,ATM,Electronics,TR,8,0.061737677902064,0.2775331169856629,0
12,314,2299.44,Online,Travel,US,14,0.27549043938909334,0.05137377429791148,0
13,430,4211.25,ATM,Food,US,11,0.16093616951443535,0.01571177292033719,0
14,558,3845.74,Online,Clothing,UK,0,0.2857729881850123,0.5202705917903073,0
15,187,335.85,POS,Food,DE,12,0.5448751539690434,0.2050799935881329,0
16,472,234.08,QR,Travel,DE,13,0.5047415177364081,0.19092572603415897,0
17,199,3105.92,ATM,Food,US,7,0.35720236810637895,0.14283969159512755,0
18,971,1740.33,Online,Travel,FR,7,0.37741980043231493,0.5648944053344227,0
19,763,1049.61,ATM,Grocery,FR,11,0.371031059655803,0.0,0
20,230,2900.35,ATM,Clothing,TR,0,0.23236209317416784,0.09305499351248434,0
21,761,1711.11,QR,Travel,TR,10,0.12053075822788292,0.0,0
22,408,2688.63,POS,Food,UK,7,0.5815898051720967,0.6380671017500421,1
23,869,2303.3,ATM,Clothing,US,9,0.5430016785839026,0.29361224127339597,0
24,443,2925.91,Online,Grocery,TR,18,0.0,0.01640516144406856,0
25,591,2004.5,Online,Clothing,TR,10,0.14061212516788446,0.23178758393793958,0
26,513,3489.85,POS,Travel,US,6,0.20376656941671162,0.3145557987412457,0
27,905,904.44,Online,Grocery,UK,10,0.480372138746421,0.5276528861241581,0
28,485,3484.02,POS,Food,TR,16,0.39756795129103495,0.19272595505963594,0
29,291,2061.25,Online,Grocery,UK,0,0.5981922593608501,0.47303742898893625,0
30,376,4372.22,QR,Grocery,DE,20,0.7247798848055885,0.3385978695467505,1
31,260,2578.6,ATM,Electronics,UK,20,0.6335279558385326,0.10647499428759052,0
32,559,4865.69,QR,Grocery,FR,7,0.6617653763552201,0.12391339408185784,0
33,413,3011.67,ATM,Grocery,FR,22,0.2766458301636667,0.4420578855535827,0
34,121,1123.13,ATM,Clothing,UK,23,0.051864291252817045,0.012360804692366334,0
35,352,4109.84,ATM,Food,FR,5,0.9500096202716212,0.11286633314835813,0
36,847,1728.69,QR,Clothing,DE,21,0.517692677395007,0.04007754936019142,0
37,956,1741.36,ATM,Clothing,US,17,0.4480771550364151,0.26259569585816944,1
38,660,163.86,QR,Travel,FR,5,0.0,0.6633970024362491,0
39,574,2745.83,POS,Clothing,FR,4,0.9392754898399287,0.0,0
40,158,2674.45,Online,Electronics,UK,12,0.5051419416430523,0.14467251061969746,0
41,610,1783.18,Online,Electronics,DE,18,0.8496585626161193,0.2765468323105107,0
42,781,4471.62,ATM,Travel,US,21,0.4317756932216441,0.0,0
43,575,648.1,QR,Food,UK,7,0.8230313954146787,0.3170014421449295,0
44,799,1653.85,Online,Food,UK,8,0.2807698539452005,0.4112075408945622,0
45,882,1611.31,QR,Clothing,DE,16,0.2761664165485981,0.39044488190786275,0
46,289,465.99,QR,Clothing,US,2,0.6437241324582591,0.7322909930959299,0
47,786,2408.32,ATM,Clothing,DE,18,0.20840754827262886,0.24296779161600762,0
48,662,3440.48,Online,Food,US,10,0.0806355209508196,0.2605988645220638,0
49,975,2560.73,ATM,Grocery,DE,23,0.3573247333116601,0.09484511709588203,0
50,666,789.1,ATM,Electronics,UK,16,0.24792156193709286,0.10066346904503251,0
51,343,1889.54,Online,Grocery,UK,20,0.1907294113754423,0.17809412845168063,0
52,931,17.96,Online,Grocery,TR,18,0.11985995717855039,0.3175635774199662,0
53,604,4342.16,POS,Food,FR,1,0.08488119558602403,0.3306008924603872,1
54,230,427.16,POS,Grocery,DE,7,0.16886867725249138,0.0,0
55,584,2988.4,QR,Travel,TR,18,0.5367695988488282,0.12409956766732583,0
56,918,4931.35,Online,Clothing,FR,6,0.6758236105247922,0.4163261070348421,1
57,746,2685.27,POS,Travel,DE,16,0.5147049013963887,0.19923560323117223,0
58,120,4620.59,QR,Electronics,US,5,0.3493272351202602,0.2614559641895381,0
60,266,3800.98,QR,Grocery,UK,23,0.0,0.39361920289890906,0
61,373,2658.67,POS,Electronics,TR,5,0.19154015374583613,0.205852626407673,0
62,487,3603.98,Online,Clothing,FR,1,0.1220161323776248,0.0,0
63,700,316.4,ATM,Grocery,FR,5,0.08089733595452452,0.5472529479931305,0
64,415,742.96,QR,Travel,UK,22,0.07794884337059246,0.4247150645323988,0
65,113,669.92,POS,Clothing,DE,4,0.1866940226675638,0.19005951484352804,0
66,341,3437.39,POS,Grocery,US,18,0.3446778695919096,0.3317869236557679,0
67,876,4222.98,ATM,Travel,UK,19,0.39576607050298984,0.46998741793057186,1
68,445,3749.33,ATM,Electronics,US,3,0.0,0.08304901120420344,0
69,664,157.21,POS,Electronics,DE,21,0.0543875149581714,0.20781751682140373,0
70,997,4336.74,Online,Electronics,FR,16,0.3565277365366051,0.4537332666371528,0
71,439,1773.96,ATM,Electronics,US,10,0.3382093955344657,0.021914762552361605,0
72,191,1988.83,POS,Food,TR,3,0.1998551434578675,0.5106124815584896,0
73,466,528.82,ATM,Clothing,TR,12,0.32865899003351257,0.41155628013296436,1
74,554,3688.34,Online,Clothing,UK,19,0.3063867684848548,0.4667172518084443,0
75,527,915.51,QR,Food,DE,16,0.2640319037145621,0.1987792343611832,0
76,608,2822.01,ATM,Grocery,UK,8,0.6434867859161494,0.21404667295127178,0
77,875,4204.35,Online,Grocery,UK,3,0.1927441576275068,0.49630990120814267,0
78,134,450.58,POS,Electronics,UK,22,0.06917803719107758,0.0,0
79,305,2679.0,ATM,Travel,TR,13,0.18554274380076477,0.29291451073000135,0
80,180,1169.92,ATM,Grocery,TR,18,0.2593190158407822,0.40274596148986763,0
81,661,1717.92,POS,Travel,UK,2,0.5956696512426785,0.5873664702783932,0
82,971,2372.48,QR,Clothing,TR,13,0.0,0.2269522215447984,0
83,487,1778.75,POS,Travel,DE,7,0.1956079551283239,0.07642155999939834,0
84,101,3245.87,ATM,Clothing,UK,23,0.24583790440547146,0.4653562705789355,0
85,489,2400.51,POS,Food,TR,0,0.13279159301382903,0.3654661220917784,0
86,665,2923.08,Online,Food,US,9,0.2041126261379579,0.6788002263727911,0
87,205,3685.43,POS,Electronics,UK,17,0.2635654436710195,0.7464153985501968,0
88,871,2790.92,ATM,Grocery,UK,15,0.3971975907633981,0.3622554747844219,0
89,921,2934.74,POS,Electronics,DE,7,0.425700053641148,0.3347048090403369,0
90,576,2824.47,QR,Clothing,FR,0,0.2893504327599452,0.1442099499454648,0
91,802,1896.97,POS,Electronics,FR,11,0.8698580106162113,0.6005366356773872,0
92,501,1690.55,QR,Travel,DE,7,0.0,0.5222975026175118,0
93,829,4498.74,Online,Clothing,DE,23,0.49616165110552257,0.029533752931431734,0
94,655,3039.74,QR,Food,DE,15,0.131757172001373,0.540303262464492,0
95,261,1225.54,POS,Grocery,FR,17,0.15998368694471837,0.4855208257565361,0
96,301,2493.75,ATM,Clothing,DE,3,0.0002618931789467871,0.0,0
97,369,1655.09,QR,Clothing,TR,5,0.4168533352859974,0.37039000496169144,0
98,962,4668.79,Online,Travel,UK,11,0.38265965498991794,0.5446704248084553,0
99,915,42.63,QR,Grocery,UK,8,0.2244409439979108,0.5194301048245752,0
100,370,1130.54,QR,Food,US,14,0.10707288498246281,0.4693453347959863,0
101,288,409.52,POS,Clothing,DE,23,0.2923984577874983,0.21855663675005884,0
102,963,1619.66,Online,Grocery,UK,2,0.48625902148784113,0.2450410757270271,0
103,249,2719.98,Online,Food,DE,1,0.3168239082218042,0.22416752003881958,0
104,443,450.48,ATM,Food,UK,22,0.0,0.14798365696144062,0
105,742,398.71,POS,Grocery,UK,2,0.4077873539744275,0.2825866750034608,0
106,121,437.38,QR,Travel,US,3,0.37324838641150493,0.573229615560417,1
107,314,4899.44,Online,Travel,TR,22,0.6865223041926315,0.5286595505374431,1
108,430,233.91,QR,Electronics,DE,8,0.44919598282766863,0.10659357597116812,0
109,558,2608.28,POS,Electronics,US,4,0.301373546747127,0.23073981881682352,0
110,187,1434.74,ATM,Food,DE,1,0.23199859235489705,0.5891398867332308,0
111,472,4674.37,POS,Electronics,DE,4,0.0,0.13404558066922246,0
112,199,2864.08,POS,Electronics,UK,3,0.11303847957973711,0.5057173273188544,0
113,971,1542.84,ATM,Grocery,TR,21,0.3146197115854651,0.20786529340910103,0
114,763,2229.62,QR,Grocery,US,2,0.0,0.03810014022415177,0
115,230,1210.64,POS,Electronics,DE,10,0.0,0.043510526848938744,0
116,761,2631.79,Online,Food,TR,23,0.0,0.12646399039021287,0
117,408,3134.19,POS,Travel,FR,11,0.23236357416416183,0.2974971206103138,0
118,869,3859.94,ATM,Grocery,US,23,0.2647000858102046,0.2796791219156475,0
119,443,4256.49,Online,Travel,FR,11,0.3278852377469317,0.15555415774619438,0
120,591,2459.78,ATM,Electronics,TR,2,0.1332219987979603,0.12079084126757656,0
121,513,3826.54,ATM,Clothing,TR,3,0.0,0.1388487903567784,0
122,905,1780.45,QR,Clothing,FR,7,0.20888252277085775,0.010468972580436946,0
123,485,3806.35,QR,Electronics,US,11,0.1436402804515591,0.1345985390715977,0
124,291,1575.52,POS,Travel,UK,14,0.0,0.5516315531478203,0
125,376,57.77,Online,Clothing,FR,4,0.3697964648720173,0.4287823521666993,0
126,260,2563.88,QR,Travel,TR,23,0.1062013896568856,0.3340576307374895,0
127,559,2908.57,ATM,Food,US,21,0.2464735513982054,0.1764619448375631,0
128,413,2687.21,Online,Food,UK,2,0.3421118182967657,0.34739501550974495,0
129,121,4119.04,Online,Travel,UK,7,0.12260212643538419,0.2319760742118314,0
130,352,4762.33,POS,Travel,US,22,0.08940860555244867,0.0,0
131,847,1599.98,QR,Travel,DE,5,0.02100806440210392,0.2064951433388707,0
132,956,211.77,QR,Travel,DE,15,0.0,0.2529944372986423,0
133,660,2140.09,ATM,Travel,TR,21,0.15830761136453914,0.14444583196901848,0
134,574,3873.34,ATM,Grocery,TR,19,0.37000454320498773,0.1691340172554763,0
135,158,1873.5,ATM,Food,UK,16,0.14781469550058525,0.0,0
136,610,1312.44,ATM,Electronics,FR,14,0.11149721667262366,0.21855663675005884,0
137,781,422.56,ATM,Food,UK,0,0.023455118461681887,0.2450410757270271,0
138,575,3401.37,ATM,Grocery,TR,0,0.21312455945024978,0.22416752003881958,1
139,799,2863.09,QR,Electronics,UK,21,0.17066847285888292,0.14798365696144062,0
140,882,4168.04,ATM,Electronics,DE,8,0.6317273051720967,0.2825866750034608,1
141,289,3211.83,QR,Electronics,US,11,0.5931391785839026,0.573229615560417,1
142,786,1341.16,ATM,Grocery,DE,5,0.0,0.5286595505374431,0
143,662,4428.16,QR,Clothing,FR,18,0.19074962516788446,0.10659357597116812,1
144,975,4196.48,POS,Grocery,DE,23,0.15390406941671162,0.23073981881682352,0
145,666,3577.6,QR,Electronics,TR,14,0.530509638746421,0.5891398867332308,0
146,343,2698.07,QR,Electronics,DE,15,0.44770545129103495,0.13404558066922246,0
147,931,3938.82,Online,Clothing,TR,10,0.6483297593608501,0.5057173273188544,1
148,604,2719.5,ATM,Food,UK,2,0.7749173848055885,0.20786529340910103,1
149,230,131.29,POS,Travel,TR,22,0.6836654558385326,0.03810014022415177,0
150,584,2136.96,Online,Food,UK,21,0.7119028763552201,0.043510526848938744,0
151,918,1750.62,QR,Travel,FR,12,0.3267833301636667,0.12646399039021287,0
152,746,456.63,POS,Food,DE,22,0.10200179125281705,0.2974971206103138,0
153,120,4109.84,POS,Grocery,TR,23,1.0,0.2796791219156475,1
154,940,1728.69,Online,Electronics,FR,5,0.567830177395007,0.15555415774619438,0
155,266,1741.36,QR,Grocery,UK,11,0.4982146550364151,0.12079084126757656,0
156,373,163.86,Online,Electronics,UK,11,0.0,0.1388487903567784,0
157,487,2745.83,Online,Food,FR,19,0.9894129898399287,0.010468972580436946,0
158,700,2674.45,Online,Food,TR,18,0.5552794416430523,0.1345985390715977,1
159,415,1783.18,POS,Grocery,DE,1,0.8997960626161193,0.5516315531478203,0
160,113,4471.62,POS,Travel,US,2,0.4819131932216441,0.4287823521666993,1
161,341,648.1,ATM,Electronics,FR,1,0.8731688954146787,0.3340576307374895,0
162,876,1653.85,ATM,Food,UK,22,0.3309073539452005,0.1764619448375631,0
163,445,1611.31,Online,Food,FR,4,0.3263039165485981,0.34739501550974495,0
164,664,465.99,ATM,Travel,DE,5,0.6938616324582591,0.2319760742118314,0
165,997,2408.32,POS,Grocery,TR,23,0.25854504827262886,0.0,0
166,439,3440.48,ATM,Electronics,TR,11,0.1307730209508196,0.2064951433388707,0
167,191,2560.73,QR,Travel,US,18,0.4074622333116601,0.2529944372986423,0
168,466,789.1,POS,Grocery,FR,19,0.29805906193709286,0.14444583196901848,0
169,554,1889.54,POS,Food,UK,2,0.2408669113754423,0.1691340172554763,0
170,527,17.96,Online,Food,TR,2,0.16999745717855039,0.0,0
171,608,4342.16,ATM,Food,DE,10,0.13501869558602403,0.21855663675005884,1
172,875,427.16,QR,Travel,DE,14,0.21900617725249138,0.2450410757270271,0
173,134,2988.4,Online,Grocery,US,23,0.5869070988488282,0.22416752003881958,1
174,305,4931.35,QR,Clothing,UK,11,0.7259611105247922,0.14798365696144062,1
175,180,2685.27,Online,Clothing,TR,14,0.5648424013963887,0.2825866750034608,0
176,661,4620.59,POS,Clothing,DE,23,0.3994647351202602,0.573229615560417,1
177,971,1184.4,ATM,Grocery,TR,5,0.5882791898563487,0.5286595505374431,0
178,487,3800.98,Online,Clothing,TR,23,0.0,0.10659357597116812,0
179,101,2658.67,ATM,Food,UK,5,0.24167765374583613,0.23073981881682352,0
180,489,3603.98,POS,Electronics,UK,2,0.1721536323776248,0.5891398867332308,0
181,665,316.4,Online,Travel,UK,7,0.13103483595452452,0.13404558066922246,0
182,205,742.96,ATM,Grocery,TR,2,0.12808634337059246,0.5057173273188544,0
183,871,669.92,POS,Electronics,DE,21,0.2368315226675638,0.20786529340910103,0
184,921,3437.39,Online,Clothing,US,5,0.3948153695919096,0.03810014022415177,0
185,576,4222.98,POS,Clothing,UK,16,0.44590357050298984,0.043510526848938744,1
186,802,3749.33,POS,Travel,DE,2,0.0,0.12646399039021287,0
187,501,157.21,Online,Food,DE,15,0.1045250149581714,0.2974971206103138,0
188,829,4336.74,Online,Travel,FR,1,0.4066652365366051,0.2796791219156475,0
189,655,1773.96,ATM,Electronics,FR,14,0.3883468955344657,0.15555415774619438,0
190,261,1988.83,QR,Food,UK,1,0.2499926434578675,0.12079084126757656,0
191,301,528.82,Online,Clothing,US,23,0.37879649003351257,0.1388487903567784,0
192,369,3688.34,POS,Travel,FR,1,0.3565242684848548,0.010468972580436946,0
193,962,915.51,POS,Grocery,UK,1,0.3141694037145621,0.1345985390715977,0
194,915,2822.01,POS,Grocery,UK,2,0.6936242859161494,0.5516315531478203,0
195,370,4204.35,QR,Grocery,US,2,0.2428816576275068,0.4287823521666993,0
196,288,450.58,POS,Food,DE,23,0.11931553719107758,0.3340576307374895,0
197,963,2679.0,Online,Travel,FR,2,0.23567924380076477,0.1764619448375631,0
198,249,1169.92,POS,Travel,DE,1,0.3094565158407822,0.34739501550974495,0
199,443,1717.92,QR,Travel,UK,22,0.6458071512426785,0.2319760742118314,0
200,742,2372.48,POS,Food,US,2,0.0501375,0.0,0
201,121,1778.75,POS,Clothing,DE,1,0.2457454551283239,0.2064951433388707,0
202,314,3245.87,Online,Clothing,US,2,0.29597540440547146,0.2529944372986423,0
203,430,2400.51,QR,Food,UK,1,0.18292909301382903,0.14444583196901848,0
204,558,2923.08,POS,Grocery,FR,2,0.2542501261379579,0.1691340172554763,0
205,187,3685.43,Online,Food,DE,1,0.3137029436710195,0.0,0
206,472,2790.92,Online,Grocery,FR,2,0.4473350907633981,0.21855663675005884,0
207,199,2934.74,Online,Clothing,UK,1,0.475837553641148,0.2450410757270271,0
208,971,2824.47,QR,Travel,TR,2,0.3394879327599452,0.22416752003881958,0
209,763,1896.97,POS,Travel,US,1,0.9200055106162113,0.14798365696144062,0
210,230,1690.55,ATM,Electronics,DE,2,0.0501375,0.2825866750034608,0
211,761,4498.74,Online,Electronics,UK,1,0.5463039511055226,0.573229615560417,1
212,408,3039.74,Online,Electronics,UK,2,0.181894672001373,0.5286595505374431,0
213,869,1225.54,QR,Food,TR,1,0.21012118694471837,0.10659357597116812,0
214,443,2493.75,POS,Electronics,UK,2,0.05039939317894678,0.23073981881682352,0
215,591,1655.09,Online,Clothing,FR,1,0.4670008352859974,0.5891398867332308,0
216,513,4668.79,POS,Travel,DE,2,0.43280715498991794,0.13404558066922246,1
217,905,42.63,ATM,Electronics,UK,1,0.2745784439979108,0.5057173273188544,0
218,485,1130.54,POS,Travel,US,2,0.1572103849824628,0.20786529340910103,0
219,291,409.52,Online,Grocery,FR,1,0.3425408577874983,0.03810014022415177,0
220,376,1619.66,Online,Clothing,DE,2,0.5363965214878411,0.043510526848938744,0
221,260,2719.98,Online,Grocery,UK,1,0.3669614082218042,0.12646399039021287,0
222,559,450.48,Online,Food,FR,2,0.0501375,0.2974971206103138,0
223,413,398.71,POS,Food,TR,1,0.4579301539744275,0.2796791219156475,0
224,121,437.38,Online,Grocery,UK,2,0.42339118641150493,0.15555415774619438,0
225,352,4899.44,Online,Clothing,FR,1,0.7366601041926315,0.12079084126757656,1
226,847,233.91,QR,Food,DE,2,0.4993387828276686,0.1388487903567784,0
227,956,2608.28,POS,Electronics,US,1,0.35151525493975184,0.010468972580436946,0
228,660,1434.74,ATM,Food,UK,2,0.28213609235489705,0.1345985390715977,0
229,574,4674.37,POS,Grocery,DE,1,0.0501375,0.5516315531478203,1
230,158,2864.08,POS,Food,TR,2,0.16317617957973711,0.4287823521666993,0
231,610,1542.84,ATM,Grocery,UK,1,0.3647572115854651,0.3340576307374895,0
232,781,2229.62,QR,Electronics,UK,2,0.0501375,0.1764619448375631,0
233,575,1210.64,POS,Electronics,UK,1,0.0501375,0.34739501550974495,0
234,799,2631.79,QR,Food,FR,2,0.0501375,0.2319760742118314,0
235,882,3134.19,Online,Clothing,US,1,0.28250107416416183,0.0,0
236,289,3859.94,ATM,Travel,DE,2,0.3148375858102046,0.2064951433388707,0
237,786,4256.49,Online,Food,UK,1,0.3780227377469317,0.2529944372986423,1
238,662,2459.78,POS,Clothing,FR,2,0.1833594987979603,0.14444583196901848,0
239,975,3826.54,POS,Clothing,DE,1,0.0501375,0.1691340172554763,0
240,666,1780.45,POS,Travel,US,2,0.25902002277085775,0.0,0
241,343,3806.35,POS,Food,TR,1,0.1937777804515591,0.21855663675005884,0
242,931,1575.52,Online,Electronics,UK,2,0.0501375,0.2450410757270271,0
243,604,57.77,ATM,Electronics,FR,1,0.4199339648720173,0.22416752003881958,0
244,230,2563.88,Online,Electronics,UK,2,0.1563388896568856,0.14798365696144062,0
245,584,2908.57,QR,Travel,DE,1,0.2966110513982054,0.2825866750034608,0
246,918,2687.21,Online,Food,UK,2,0.3922493182967657,0.573229615560417,0
247,746,4119.04,POS,Grocery,UK,1,0.17273962643538419,0.5286595505374431,1
248,120,4762.33,POS,Food,TR,2,0.13954610555244867,0.10659357597116812,1
249,940,1599.98,Online,Food,US,1,0.07114556440210392,0.23073981881682352,0
250,266,211.77,QR,Travel,DE,2,0.0501375,0.5891398867332308,0
251,373,2140.09,Online,Electronics,FR,1,0.20844511136453914,0.13404558066922246,0
252,487,3873.34,POS,Travel,UK,2,0.4201420432049877,0.5057173273188544,1
253,700,1873.5,QR,Clothing,US,1,0.19795219550058525,0.20786529340910103,0
254,415,1312.44,ATM,Grocery,TR,2,0.16163471667262366,0.03810014022415177,0
255,113,422.56,Online,Food,UK,1,0.07359261846168189,0.043510526848938744,0
256,341,3401.37,POS,Electronics,UK,2,0.2632620594502498,0.12646399039021287,0
257,876,2863.09,ATM,Electronics,FR,1,0.22080597285888292,0.2974971206103138,0
258,445,4168.04,POS,Food,US,2,0.6818648051720967,0.2796791219156475,1
259,664,3211.83,ATM,Clothing,DE,1,0.6432766785839026,0.15555415774619438,1
260,997,1341.16,Online,Food,FR,2,0.0501375,0.12079084126757656,0
261,439,4428.16,ATM,Food,DE,1,0.24088712516788446,0.1388487903567784,1
262,191,4196.48,POS,Electronics,US,2,0.20404156941671162,0.010468972580436946,1
263,466,3577.6,Online,Grocery,UK,1,0.580647138746421,0.1345985390715977,1
264,554,2698.07,ATM,Electronics,UK,2,0.49784295129103495,0.5516315531478203,0
265,527,3938.82,Online,Clothing,UK,1,0.6984672593608501,0.4287823521666993,1
266,608,2719.5,POS,Food,TR,2,0.8250548848055885,0.3340576307374895,1
267,875,131.29,QR,Grocery,UK,1,0.7338029558385326,0.1764619448375631,0
268,134,2136.96,ATM,Travel,TR,2,0.7620403763552201,0.34739501550974495,1
269,305,1750.62,QR,Travel,DE,1,0.3769208301636667,0.2319760742118314,0
270,180,456.63,ATM,Grocery,US,2,0.15213929125281705,0.0,0
271,661,4109.84,POS,Food,UK,1,1.0,0.2064951433388707,1
272,971,1728.69,ATM,Travel,DE,2,0.617967677395007,0.2529944372986423,0
273,487,1741.36,QR,Travel,UK,1,0.5483521550364151,0.14444583196901848,0
274,101,163.86,POS,Food,FR,2,0.0501375,0.1691340172554763,0
275,489,2745.83,ATM,Electronics,TR,1,1.0,0.0,0
276,665,2674.45,QR,Grocery,DE,2,0.6054169416430523,0.21855663675005884,0
277,205,1783.18,POS,Grocery,FR,1,0.9499335626161193,0.2450410757270271,1
278,871,4471.62,Online,Clothing,DE,2,0.5320506932216441,0.22416752003881958,1
279,921,648.1,ATM,Clothing,FR,1,0.9233063954146787,0.14798365696144062,0
280,576,1653.85,QR,Clothing,UK,2,0.3810448539452005,0.2825866750034608,0
281,802,1611.31,ATM,Clothing,FR,1,0.3764414165485981,0.573229615560417,0
282,501,465.99,Online,Electronics,TR,2,0.7439991324582591,0.5286595505374431,0
283,829,2408.32,POS,Electronics,UK,1,0.30868254827262886,0.10659357597116812,0
284,655,3440.48,ATM,Food,US,2,0.1809105209508196,0.23073981881682352,0
285,261,2560.73,QR,Food,FR,1,0.4575997333116601,0.5891398867332308,0
286,301,789.1,QR,Food,US,2,0.34819656193709286,0.13404558066922246,0
287,369,1889.54,POS,Grocery,TR,1,0.2910044113754423,0.5057173273188544,0
288,962,17.96,ATM,Grocery,DE,2,0.2201349571785504,0.20786529340910103,0
289,915,4342.16,ATM,Electronics,FR,1,0.18515619558602403,0.03810014022415177,1
290,370,427.16,QR,Travel,UK,2,0.2691436772524914,0.043510526848938744,0
291,288,2988.4,Online,Grocery,US,1,0.6370445988488282,0.12646399039021287,1
292,963,4931.35,POS,Food,TR,2,0.7760986105247922,0.2974971206103138,1
293,249,2685.27,POS,Electronics,US,1,0.6149799013963887,0.2796791219156475,0
294,443,4620.59,ATM,Grocery,TR,2,0.4496022351202602,0.15555415774619438,1
295,742,1184.4,POS,Electronics,UK,1,0.6384166898563487,0.12079084126757656,0
296,121,3800.98,Online,Food,DE,2,0.0501375,0.1388487903567784,0
297,314,2658.67,POS,Electronics,TR,1,0.29181515374583613,0.010468972580436946,0
298,430,3603.98,Online,Electronics,FR,2,0.2222911323776248,0.1345985390715977,0
299,558,316.4,ATM,Food,UK,1,0.18117233595452452,0.5516315531478203,0
300,187,742.96,ATM,Electronics,US,2,0.17822384337059246,0.4287823521666993,0
301,472,669.92,POS,Grocery,DE,1,0.2869690226675638,0.3340576307374895,0
302,199,3437.39,POS,Electronics,DE,2,0.4449528695919096,0.1764619448375631,0
303,971,4222.98,POS,Grocery,TR,1,0.49604107050298984,0.34739501550974495,1
304,763,3749.33,POS,Grocery,UK,2,0.0501375,0.2319760742118314,0
305,230,157.21,ATM,Clothing,TR,1,0.1546625149581714,0.0,0
306,761,4336.74,Online,Clothing,UK,2,0.4568027365366051,0.2064951433388707,0
307,408,1773.96,Online,Food,UK,1,0.4384843955344657,0.2529944372986423,0
308,869,1988.83,QR,Food,DE,2,0.3001301434578675,0.14444583196901848,0
309,443,528.82,ATM,Clothing,TR,1,0.42893399003351257,0.1691340172554763,1
310,591,3688.34,ATM,Grocery,TR,2,0.4066617684848548,0.0,0
311,513,915.51,POS,Food,TR,1,0.3643069037145621,0.21855663675005884,0
312,905,2822.01,ATM,Clothing,DE,2,0.7437617859161494,0.2450410757270271,0
313,485,4204.35,POS,Food,UK,1,0.2930191576275068,0.22416752003881958,1
314,291,450.58,POS,Food,DE,2,0.16945303719107758,0.14798365696144062,0
315,376,2679.0,QR,Electronics,FR,1,0.28581674380076477,0.2825866750034608,0
316,260,1169.92,POS,Electronics,UK,2,0.3595940158407822,0.573229615560417,0
317,559,1717.92,POS,Food,UK,1,0.6959446512426785,0.5286595505374431,0
318,413,2372.48,ATM,Electronics,FR,2,0.100275,0.10659357597116812,0
319,121,1778.75,Online,Food,TR,1,0.2958829551283239,0.23073981881682352,0
320,352,3245.87,Online,Clothing,TR,2,0.34611290440547146,0.5891398867332308,0
321,847,2400.51,ATM,Clothing,FR,1,0.23306659301382903,0.13404558066922246,0
322,956,2923.08,POS,Clothing,DE,2,0.3043876261379579,0.5057173273188544,0
323,660,3685.43,ATM,Electronics,UK,1,0.3638404436710195,0.20786529340910103,1
324,574,2790.92,QR,Food,TR,2,0.4974725907633981,0.03810014022415177,0
325,158,2934.74,Online,Clothing,UK,1,0.525975053641148,0.043510526848938744,0
326,610,2824.47,QR,Travel,UK,2,0.3896254327599452,0.12646399039021287,0
327,781,1896.97,ATM,Travel,UK,1,0.9701430106162113,0.2974971206103138,0
328,575,1690.55,Online,Electronics,US,2,0.100275,0.2796791219156475,0
329,799,4498.74,POS,Electronics,UK,1,0.5964414511055226,0.15555415774619438,1
330,882,3039.74,Online,Electronics,UK,2,0.232032172001373,0.12079084126757656,0
331,289,1225.54,POS,Electronics,UK,1,0.26025868694471837,0.1388487903567784,0
332,786,2493.75,Online,Clothing,UK,2,0.10053689317894679,0.010468972580436946,0
333,662,1655.09,ATM,Travel,FR,1,0.5171383352859974,0.1345985390715977,0
334,975,4668.79,POS,Travel,DE,2,0.48294465498991794,0.5516315531478203,1
335,666,42.63,POS,Electronics,UK,1,0.3247159439979108,0.4287823521666993,0
336,343,1130.54,ATM,Food,UK,2,0.20734788498246281,0.3340576307374895,0
337,931,409.52,POS,Clothing,DE,1,0.3926783577874983,0.1764619448375631,0
338,604,1619.66,Online,Electronics,DE,2,0.5865340214878411,0.34739501550974495,0
339,230,2719.98,POS,Electronics,UK,1,0.4170989082218042,0.2319760742118314,0
340,584,450.48,ATM,Electronics,UK,2,0.100275,0.0,0
341,918,398.71,Online,Food,DE,1,0.5080676539744275,0.2064951433388707,0
342,746,437.38,POS,Electronics,US,2,0.47352868641150493,0.2529944372986423,0
343,120,4899.44,Online,Travel,UK,1,0.7867976041926315,0.14444583196901848,1
344,940,233.91,POS,Food,DE,2,0.5494762828276686,0.1691340172554763,0
345,266,2608.28,POS,Electronics,UK,1,0.40165275493975184,0.0,0
346,373,1434.74,Online,Travel,UK,2,0.33227359235489705,0.21855663675005884,0
347,487,4674.37,ATM,Food,FR,1,0.100275,0.2450410757270271,1
348,700,2864.08,QR,Electronics,UK,2,0.21331367957973711,0.22416752003881958,0
349,415,1542.84,ATM,Food,UK,1,0.4148947115854651,0.14798365696144062,0
350,113,2229.62,POS,Electronics,DE,2,0.100275,0.2825866750034608,0
351,341,1210.64,Online,Clothing,US,1,0.100275,0.573229615560417,0
352,876,2631.79,Online,Food,UK,2,0.100275,0.5286595505374431,0
353,445,3134.19,Online,Food,UK,1,0.33263857416416183,0.10659357597116812,0
354,664,3859.94,QR,Food,DE,2,0.3649750858102046,0.23073981881682352,0
355,997,4256.49,ATM,Travel,DE,1,0.4281602377469317,0.5891398867332308,1
356,439,2459.78,Online,Food,US,2,0.2334969987979603,0.13404558066922246,0
357,191,3826.54,POS,Grocery,UK,1,0.100275,0.5057173273188544,0
358,466,1780.45,POS,Food,TR,2,0.30915752277085775,0.20786529340910103,0
359,554,3806.35,Online,Food,UK,1,0.2439152804515591,0.03810014022415177,0
360,527,1575.52,POS,Clothing,FR,2,0.100275,0.043510526848938744,0
361,608,57.77,Online,Electronics,DE,1,0.4700714648720173,0.12646399039021287,0
362,875,2563.88,POS,Electronics,UK,2,0.2064763896568856,0.2974971206103138,0
363,134,2908.57,POS,Grocery,US,1,0.3467485513982054,0.2796791219156475,0
364,305,2687.21,ATM,Clothing,TR,2,0.4423868301636667,0.15555415774619438,0
365,180,4119.04,ATM,Grocery,TR,1,0.2228771264353842,0.12079084126757656,0
366,661,4762.33,QR,Clothing,DE,2,0.18968360555244867,0.1388487903567784,1
367,971,1599.98,POS,Clothing,TR,1,0.12128306440210392,0.010468972580436946,0
368,487,211.77,POS,Electronics,UK,2,0.100275,0.1345985390715977,0
369,101,2140.09,ATM,Electronics,FR,1,0.25858261136453914,0.5516315531478203,0
370,489,3873.34,POS,Food,TR,2,0.4702795432049877,0.4287823521666993,1
371,665,1873.5,QR,Grocery,UK,1,0.24808969550058525,0.3340576307374895,0
372,205,1312.44,QR,Food,TR,2,0.21177221667262366,0.1764619448375631,0
373,871,422.56,Online,Food,UK,1,0.12373011846168189,0.34739501550974495,0
374,921,3401.37,ATM,Travel,UK,2,0.3133995594502498,0.2319760742118314,0
375,576,2863.09,QR,Electronics,US,1,0.2709434728588829,0.0,0
376,802,4168.04,ATM,Travel,DE,2,0.7320023051720967,0.2064951433388707,1
377,501,3211.83,Online,Food,DE,1,0.6934141785839026,0.2529944372986423,1
378,829,1341.16,ATM,Clothing,TR,2,0.100275,0.14444583196901848,0
379,655,4428.16,QR,Clothing,FR,1,0.29102462516788446,0.1691340172554763,1
380,261,4196.48,Online,Food,UK,2,0.2541790694167116,0.0,0
381,301,3577.6,ATM,Clothing,US,1,0.630784638746421,0.21855663675005884,1
382,369,2698.07,QR,Travel,FR,2,0.5479804512910349,0.2450410757270271,0
383,962,3938.82,Online,Clothing,TR,1,0.7486047593608501,0.22416752003881958,1
384,915,2719.5,ATM,Food,UK,2,0.8751923848055885,0.14798365696144062,1
385,370,131.29,POS,Travel,TR,1,0.7839399558385326,0.2825866750034608,0
386,288,2136.96,Online,Food,UK,2,0.8121778763552201,0.573229615560417,1
387,963,1750.62,QR,Travel,FR,1,0.4270583301636667,0.5286595505374431,0
388,249,456.63,POS,Food,DE,2,0.15227679125281705,0.10659357597116812,0
389,443,4109.84,POS,Grocery,TR,1,1.0,0.23073981881682352,1
390,742,1728.69,POS,Travel,DE,2,0.668105177395007,0.5891398867332308,0
391,121,1741.36,QR,Clothing,TR,1,0.5984896550364151,0.13404558066922246,0
392,931,163.86,POS,Food,UK,2,0.100275,0.5057173273188544,0
393,604,2745.83,POS,Clothing,DE,1,1.0,0.20786529340910103,0
394,230,2674.45,Online,Food,UK,2,0.6555544416430523,0.03810014022415177,1
395,584,1783.18,QR,Travel,DE,1,1.0,0.043510526848938744,0
396,918,4471.62,POS,Clothing,FR,2,0.5821881932216441,0.12646399039021287,1
397,746,648.1,QR,Food,UK,1,0.9734438954146787,0.2974971206103138,0
398,120,1653.85,QR,Clothing,TR,2,0.4311823539452005,0.2796791219156475,0
399,940,1611.31,Online,Electronics,FR,1,0.4265789165485981,0.15555415774619438,0
400,266,465.99,POS,Clothing,FR,2,0.7941366324582591,0.12079084126757656,0
401,373,2408.32,ATM,Clothing,TR,1,0.35882004827262886,0.1388487903567784,0
402,487,3440.48,ATM,Food,UK,2,0.2311855209508196,0.010468972580436946,0
403,700,2560.73,QR,Grocery,DE,1,0.5078747333116601,0.1345985390715977,0
404,415,789.1,QR,Food,US,2,0.39847156193709286,0.5516315531478203,0
405,113,1889.54,POS,Grocery,TR,1,0.3412794113754423,0.4287823521666993,0
406,341,17.96,Online,Clothing,DE,2,0.2702724571785504,0.3340576307374895,0
407,876,4342.16,QR,Travel,UK,1,0.23529369558602403,0.1764619448375631,1
408,445,427.16,ATM,Electronics,UK,2,0.3192811772524914,0.34739501550974495,0
409,664,2988.4,QR,Food,UK,1,0.6873195988488282,0.2319760742118314,0
410,997,4931.35,ATM,Travel,DE,2,0.8263736105247922,0.0,0
411,439,2685.27,Online,Clothing,UK,1,0.6652549013963887,0.2064951433388707,0
412,191,4620.59,POS,Travel,US,2,0.4997397351202602,0.2529944372986423,1
413,466,1184.4,ATM,Grocery,TR,1,0.6885541898563487,0.14444583196901848,0
414,554,3800.98,POS,Electronics,UK,2,0.100275,0.1691340172554763,0
415,527,2658.67,POS,Travel,FR,1,0.34209015374583613,0.0,0
416,608,3603.98,Online,Food,UK,2,0.2724286323776248,0.21855663675005884,0
417,875,316.4,POS,Grocery,TR,1,0.23130983595452452,0.2450410757270271,0
418,134,742.96,ATM,Food,UK,2,0.22836134337059246,0.22416752003881958,0
419,305,669.92,POS,Electronics,UK,1,0.3371065226675638,0.14798365696144062,0
420,180,3437.39,Online,Clothing,US,2,0.4950903695919096,0.2825866750034608,0
421,661,4222.98,Online,Food,TR,1,0.5461785705029898,0.573229615560417,1
422,971,3749.33,POS,Electronics,UK,2,0.100275,0.5286595505374431,0
423,487,157.21,QR,Food,DE,1,0.2047900149581714,0.10659357597116812,0
424,101,4336.74,Online,Travel,UK,2,0.5069402365366051,0.23073981881682352,0
425,489,1773.96,POS,Grocery,UK,1,0.4886218955344657,0.5891398867332308,0
426,665,1988.83,ATM,Electronics,FR,2,0.3502676434578675,0.13404558066922246,0
427,205,528.82,Online,Clothing,TR,1,0.47920899003351257,0.5057173273188544,1
428,871,3688.34,POS,Clothing,DE,2,0.4567942684848548,0.20786529340910103,0
429,921,915.51,POS,Food,TR,1,0.4144444037145621,0.03810014022415177,0
430,576,2822.01,Online,Food,UK,2,0.7938992859161494,0.043510526848938744,0
431,802,4204.35,POS,Food,UK,1,0.3431566576275068,0.12646399039021287,1
432,501,450.58,Online,Food,DE,2,0.21959053719107758,0.2974971206103138,0
433,829,2679.0,ATM,Grocery,TR,1,0.33595424380076477,0.2796791219156475,0
434,655,1169.92,POS,Clothing,UK,2,0.4097315158407822,0.15555415774619438,0
435,261,1717.92,POS,Clothing,FR,1,0.7460821512426785,0.12079084126757656,0
436,301,2372.48,QR,Clothing,DE,2,0.15055,0.1388487903567784,0
437,369,1778.75,Online,Food,DE,1,0.3460204551283239,0.010468972580436946,0
438,962,3245.87,Online,Clothing,TR,2,0.39625040440547146,0.1345985390715977,0
439,915,2400.51,ATM,Clothing,TR,1,0.28320409301382903,0.5516315531478203,0
440,370,2923.08,POS,Grocery,UK,2,0.3545251261379579,0.4287823521666993,0
441,288,3685.43,ATM,Electronics,FR,1,0.4139779436710195,0.3340576307374895,1
442,963,2790.92,POS,Travel,US,2,0.5476100907633981,0.1764619448375631,0
443,249,2934.74,Online,Clothing,FR,1,0.576112553641148,0.34739501550974495,0
444,443,2824.47,Online,Electronics,UK,2,0.4397629327599452,0.2319760742118314,0
445,742,1896.97,ATM,Food,UK,1,1.0,0.0,0
446,121,1690.55,ATM,Grocery,TR,2,0.15055,0.2064951433388707,0
447,314,4498.74,ATM,Grocery,UK,1,0.6465789511055226,0.2529944372986423,1
448,430,3039.74,QR,Food,DE,2,0.282169672001373,0.14444583196901848,0
449,558,1225.54,POS,Electronics,US,1,0.31039618694471837,0.1691340172554763,0
450,187,2493.75,ATM,Food,DE,2,0.15067439317894678,0.0,0
451,472,1655.09,ATM,Grocery,FR,1,0.5672758352859974,0.21855663675005884,0
452,199,4668.79,ATM,Travel,DE,2,0.5330821549899179,0.2450410757270271,1
453,971,42.63,Online,Food,UK,1,0.3748534439979108,0.22416752003881958,0
454,763,1130.54,Online,Grocery,US,2,0.2574853849824628,0.14798365696144062,0
455,230,409.52,Online,Clothing,TR,1,0.4428158577874983,0.2825866750034608,0
456,761,1619.66,Online,Food,UK,2,0.6366715214878411,0.573229615560417,0
457,408,2719.98,Online,Electronics,DE,1,0.4672364082218042,0.5286595505374431,1
458,869,450.48,ATM,Electronics,FR,2,0.15055,0.10659357597116812,0
459,443,398.71,POS,Electronics,UK,1,0.5582051539744275,0.23073981881682352,0
460,591,437.38,Online,Grocery,UK,2,0.5236661864115049,0.5891398867332308,1
461,513,4899.44,Online,Clothing,DE,1,0.8369351041926315,0.13404558066922246,1
462,905,233.91,QR,Food,DE,2,0.5996137828276686,0.5057173273188544,0
463,485,2608.28,POS,Electronics,FR,1,0.45179025493975184,0.20786529340910103,0
464,291,1434.74,ATM,Food,UK,2,0.38241109235489705,0.03810014022415177,0
465,376,4674.37,POS,Grocery,DE,1,0.15055,0.043510526848938744,1
466,260,2864.08,POS,Food,TR,2,0.2634511795797371,0.12646399039021287,0
467,559,1542.84,ATM,Grocery,UK,1,0.4650322115854651,0.2974971206103138,0
468,413,2229.62,QR,Electronics,UK,2,0.15055,0.2796791219156475,0
469,121,1210.64,POS,Electronics,UK,1,0.15055,0.15555415774619438,0
470,352,2631.79,QR,Food,FR,2,0.15055,0.12079084126757656,0
471,847,3134.19,Online,Clothing,US,1,0.38277607416416183,0.1388487903567784,0
472,956,3859.94,ATM,Travel,DE,2,0.4151125858102046,0.010468972580436946,0
473,660,4256.49,Online,Food,UK,1,0.4782977377469317,0.1345985390715977,1
474,574,2459.78,POS,Clothing,FR,2,0.2836344987979603,0.5516315531478203,0
475,158,3826.54,POS,Clothing,DE,1,0.15055,0.4287823521666993,0
476,610,1780.45,POS,Travel,US,2,0.35929502277085775,0.3340576307374895,0
477,781,3806.35,POS,Food,TR,1,0.2940527804515591,0.1764619448375631,0
478,575,1575.52,Online,Electronics,UK,2,0.15055,0.34739501550974495,0
479,799,57.77,ATM,Electronics,FR,1,0.5202089648720173,0.2319760742118314,0
480,882,2563.88,Online,Electronics,UK,2,0.2566138896568856,0.0,0
481,289,2908.57,QR,Travel,DE,1,0.3968860513982054,0.2064951433388707,0
482,786,2687.21,Online,Food,UK,2,0.4925243182967657,0.2529944372986423,0
483,662,4119.04,POS,Grocery,UK,1,0.2730146264353842,0.14444583196901848,1
484,975,4762.33,POS,Food,TR,2,0.23982110555244867,0.1691340172554763,1
485,666,1599.98,Online,Food,US,1,0.17142056440210392,0.0,0
486,343,211.77,QR,Travel,DE,2,0.15055,0.21855663675005884,0
487,931,2140.09,Online,Electronics,FR,1,0.30872011136453914,0.2450410757270271,0
488,604,3873.34,POS,Travel,UK,2,0.5204170432049877,0.22416752003881958,1
489,230,1873.5,QR,Clothing,US,1,0.29822719550058525,0.14798365696144062,0
490,584,1312.44,ATM,Grocery,TR,2,0.26190971667262366,0.2825866750034608,0
491,918,422.56,Online,Food,UK,1,0.17386761846168189,0.573229615560417,0
492,746,3401.37,POS,Electronics,UK,2,0.3635370594502498,0.5286595505374431,1
493,120,2863.09,ATM,Electronics,FR,1,0.3210809728588829,0.10659357597116812,0
494,940,4168.04,POS,Food,US,2,0.7821398051720967,0.23073981881682352,1
495,266,3211.83,ATM,Clothing,DE,1,0.7435516785839026,0.5891398867332308,1
496,373,1341.16,Online,Food,FR,2,0.15055,0.13404558066922246,0
497,487,4428.16,ATM,Food,DE,1,0.34116212516788446,0.5057173273188544,1
498,700,4196.48,POS,Electronics,US,2,0.30431656941671162,0.20786529340910103,1
499,415,3577.6,Online,Grocery,UK,1,0.680922138746421,0.03810014022415177,1
500,113,2698.07,ATM,Electronics,UK,2,0.5981179512910349,0.043510526848938744,0
501,341,3938.82,Online,Clothing,UK,1,0.7987422593608501,0.12646399039021287,1
502,876,2719.5,POS,Food,TR,2,0.9253298848055885,0.2974971206103138,1
503,445,131.29,QR,Grocery,UK,1,0.8340779558385326,0.2796791219156475,0
504,664,2136.96,ATM,Travel,TR,2,0.8623153763552201,0.15555415774619438,1
505,997,1750.62,QR,Travel,DE,1,0.4771958301636667,0.12079084126757656,0
506,439,456.63,POS,Food,DE,2,0.20241429125281705,0.1388487903567784,0
507,191,4109.84,POS,Grocery,TR,1,1.0,0.010468972580436946,1
508,466,1728.69,ATM,Travel,DE,2,0.718242677395007,0.1345985390715977,0
509,554,1741.36,QR,Travel,UK,1,0.6486271550364151,0.5516315531478203,0
510,527,163.86,POS,Food,FR,2,0.15055,0.4287823521666993,0
511,608,2745.83,ATM,Electronics,TR,1,1.0,0.3340576307374895,0
512,875,2674.45,QR,Grocery,DE,2,0.7056919416430523,0.1764619448375631,0
513,134,1783.18,POS,Grocery,FR,1,1.0,0.34739501550974495,1
514,305,4471.62,Online,Clothing,DE,2,0.6323256932216441,0.2319760742118314,1
515,180,648.1,ATM,Clothing,FR,1,1.0,0.0,0
516,661,1653.85,QR,Clothing,UK,2,0.4813198539452005,0.2064951433388707,0
517,971,1611.31,ATM,Clothing,FR,1,0.4767164165485981,0.2529944372986423,0
518,487,465.99,Online,Electronics,TR,2,0.8442741324582591,0.14444583196901848,0
519,101,2408.32,POS,Electronics,UK,1,0.40895754827262886,0.1691340172554763,0
520,489,3440.48,ATM,Food,US,2,0.2811855209508196,0.0,0
521,665,2560.73,QR,Food,FR,1,0.5578747333116601,0.21855663675005884,0
522,205,789.1,QR,Food,US,2,0.44847156193709286,0.2450410757270271,0
523,871,1889.54,POS,Grocery,TR,1,0.3912794113754423,0.22416752003881958,0
524,921,17.96,ATM,Grocery,DE,2,0.3202724571785504,0.14798365696144062,0
525,576,4342.16,ATM,Electronics,FR,1,0.28515619558602403,0.2825866750034608,1
526,802,427.16,QR,Travel,UK,2,0.3691436772524914,0.573229615560417,0
527,501,2988.4,Online,Grocery,US,1,0.7370445988488282,0.5286595505374431,1
528,829,4931.35,QR,Clothing,UK,2,0.8760986105247922,0.10659357597116812,1
529,655,2685.27,Online,Clothing,TR,1,0.7149799013963887,0.23073981881682352,0
530,261,4620.59,POS,Clothing,DE,2,0.5496022351202602,0.5891398867332308,1
531,301,1184.4,ATM,Grocery,TR,1,0.7384166898563487,0.13404558066922246,0
532,369,3800.98,Online,Clothing,TR,2,0.15055,0.5057173273188544,0
533,962,2658.67,ATM,Food,UK,1,0.39181515374583613,0.20786529340910103,0
534,915,3603.98,POS,Electronics,UK,2,0.3222911323776248,0.03810014022415177,0
535,370,316.4,Online,Travel,UK,1,0.2811723359545245,0.043510526848938744,0
536,288,742.96,ATM,Grocery,TR,2,0.27822384337059246,0.12646399039021287,0
537,963,669.92,POS,Electronics,DE,1,0.3869690226675638,0.2974971206103138,0
538,249,3437.39,Online,Clothing,US,2,0.5449528695919096,0.2796791219156475,0
539,443,4222.98,POS,Clothing,UK,1,0.5960410705029898,0.15555415774619438,1
540,742,3749.33,POS,Travel,DE,2,0.15055,0.12079084126757656,0
541,121,157.21,Online,Food,DE,1,0.2546625149581714,0.1388487903567784,0
542,314,4336.74,Online,Travel,FR,2,0.5568027365366051,0.010468972580436946,0
543,430,1773.96,ATM,Electronics,FR,1,0.5384843955344657,0.1345985390715977,0
544,558,1988.83,QR,Food,UK,2,0.4001301434578675,0.5516315531478203,0
545,187,528.82,Online,Clothing,US,1,0.52893399003351257,0.4287823521666993,1
546,472,3688.34,POS,Travel,FR,2,0.5066617684848548,0.3340576307374895,0
547,199,915.51,POS,Grocery,UK,1,0.4643069037145621,0.1764619448375631,0
548,971,2822.01,POS,Grocery,UK,2,0.8437617859161494,0.34739501550974495,0
549,763,4204.35,QR,Grocery,US,1,0.3930191576275068,0.2319760742118314,1
550,230,450.58,POS,Food,DE,2,0.26945303719107758,0.0,0
551,761,2679.0,Online,Travel,FR,1,0.38581674380076477,0.2064951433388707,0
552,408,1169.92,POS,Travel,DE,2,0.4595940158407822,0.2529944372986423,0
553,869,1717.92,QR,Travel,UK,1,0.7959446512426785,0.14444583196901848,0
554,443,2372.48,POS,Food,US,2,0.200275,0.1691340172554763,0
555,591,1778.75,POS,Clothing,DE,1,0.3958829551283239,0.0,0
556,513,3245.87,Online,Clothing,US,2,0.44611290440547146,0.21855663675005884,0
557,905,2400.51,QR,Food,UK,1,0.33306659301382903,0.2450410757270271,0
558,485,2923.08,POS,Grocery,FR,2,0.4043876261379579,0.22416752003881958,0
559,291,3685.43,Online,Food,DE,1,0.4638404436710195,0.14798365696144062,1
560,376,2790.92,QR,Grocery,FR,2,0.5974725907633981,0.2825866750034608,0
561,260,2934.74,ATM,Clothing,TR,1,0.625975053641148,0.573229615560417,0
562,559,2824.47,QR,Clothing,DE,2,0.4896254327599452,0.5286595505374431,0
563,413,1896.97,QR,Grocery,DE,1,1.0,0.10659357597116812,0
564,121,1690.55,Online,Food,UK,2,0.25055,0.23073981881682352,0
565,352,4498.74,Online,Travel,UK,1,0.6964414511055226,0.5891398867332308,1
566,847,3039.74,POS,Travel,US,2,0.332032172001373,0.13404558066922246,0
567,956,1225.54,QR,Travel,DE,1,0.36025868694471837,0.5057173273188544,0
568,660,2493.75,ATM,Travel,TR,2,0.20053689317894679,0.20786529340910103,0
569,574,1655.09,ATM,Grocery,TR,1,0.6171383352859974,0.03810014022415177,0
570,158,4668.79,ATM,Food,UK,2,0.5829446549899179,0.043510526848938744,1
571,610,42.63,ATM,Electronics,FR,1,0.4247159439979108,0.12646399039021287,0
572,781,1130.54,ATM,Food,UK,2,0.30734788498246281,0.2974971206103138,0
573,575,409.52,ATM,Grocery,TR,1,0.4926783577874983,0.2796791219156475,0
574,799,1619.66,QR,Electronics,UK,2,0.6865340214878411,0.15555415774619438,0
575,882,2719.98,ATM,Electronics,DE,1,0.5170989082218042,0.12079084126757656,0
576,289,450.48,QR,Electronics,US,2,0.200275,0.1388487903567784,0
577,786,398.71,ATM,Grocery,DE,1,0.6080676539744275,0.010468972580436946,0
578,662,437.38,QR,Clothing,FR,2,0.5735286864115049,0.1345985390715977,0
579,975,4899.44,POS,Grocery,DE,1,0.8867976041926315,0.5516315531478203,1
580,666,233.91,QR,Electronics,TR,2,0.6494762828276686,0.4287823521666993,0
581,343,2608.28,QR,Electronics,DE,1,0.50165275493975184,0.3340576307374895,0
582,931,1434.74,Online,Clothing,TR,2,0.43227359235489705,0.1764619448375631,0
583,604,4674.37,POS,Food,UK,1,0.200275,0.34739501550974495,1
584,230,2864.08,POS,Travel,TR,2,0.31331367957973711,0.2319760742118314,0
585,584,1542.84,QR,Travel,DE,1,0.5148947115854651,0.0,0
586,918,2229.62,Online,Food,UK,2,0.200275,0.2064951433388707,0
587,746,1210.64,POS,Grocery,UK,1,0.200275,0.2529944372986423,0
588,120,2631.79,POS,Food,TR,2,0.200275,0.14444583196901848,0
589,940,3134.19,Online,Food,US,1,0.43263857416416183,0.1691340172554763,0
590,266,3859.94,QR,Travel,DE,2,0.4649750858102046,0.0,0
591,373,4256.49,Online,Electronics,UK,1,0.5281602377469317,0.21855663675005884,1
592,487,2459.78,POS,Travel,DE,2,0.3334969987979603,0.2450410757270271,0
593,700,3826.54,QR,Clothing,US,1,0.200275,0.22416752003881958,0
594,415,1780.45,ATM,Grocery,TR,2,0.40915752277085775,0.14798365696144062,0
595,113,3806.35,POS,Electronics,DE,1,0.3439152804515591,0.2825866750034608,0
596,341,1575.52,POS,Clothing,US,2,0.200275,0.573229615560417,0
597,876,57.77,ATM,Travel,UK,1,0.5700714648720173,0.5286595505374431,0
598,445,2563.88,ATM,Electronics,US,2,0.3064763896568856,0.10659357597116812,0
599,664,2908.57,POS,Electronics,DE,1,0.4467485513982054,0.23073981881682352,0
600,997,2687.21,Online,Electronics,FR,2,0.5423868301636667,0.5891398867332308,0
601,439,4119.04,ATM,Electronics,US,1,0.3228771264353842,0.13404558066922246,1
602,191,4762.33,POS,Food,TR,2,0.28968360555244867,0.5057173273188544,1
603,466,1599.98,ATM,Clothing,TR,1,0.22128306440210392,0.20786529340910103,0
604,554,211.77,Online,Clothing,UK,2,0.200275,0.03810014022415177,0
605,527,2140.09,POS,Food,DE,1,0.35858261136453914,0.043510526848938744,0
606,608,3873.34,ATM,Grocery,UK,1,0.5702795432049877,0.12646399039021287,1
607,875,1873.5,QR,Grocery,UK,2,0.34808969550058525,0.2974971206103138,0
608,134,1312.44,POS,Electronics,UK,1,0.31177221667262366,0.2796791219156475,0
609,305,422.56,ATM,Travel,TR,2,0.22373011846168189,0.15555415774619438,0
610,180,3401.37,ATM,Grocery,TR,1,0.4133995594502498,0.12079084126757656,1
611,661,2863.09,POS,Travel,UK,2,0.3709434728588829,0.1388487903567784,0
612,971,4168.04,QR,Clothing,TR,1,0.8320023051720967,0.010468972580436946,1
613,487,3211.83,POS,Travel,DE,2,0.7934141785839026,0.1345985390715977,1
614,101,1341.16,ATM,Clothing,UK,1,0.200275,0.5516315531478203,0
615,489,4428.16,POS,Food,TR,2,0.39102462516788446,0.4287823521666993,1
616,665,4196.48,Online,Food,DE,1,0.3541790694167116,0.3340576307374895,1
617,205,3577.6,ATM,Grocery,TR,2,0.730784638746421,0.1764619448375631,1
618,871,2698.07,ATM,Grocery,UK,1,0.6479804512910349,0.34739501550974495,0
619,921,3938.82,POS,Electronics,DE,2,0.8486047593608501,0.2319760742118314,1
620,576,2719.5,QR,Clothing,FR,1,0.9751923848055885,0.0,0
621,802,131.29,POS,Electronics,FR,2,0.8839399558385326,0.2064951433388707,0
622,501,2136.96,QR,Travel,DE,1,0.9121778763552201,0.2529944372986423,1
623,829,1750.62,Online,Clothing,DE,2,0.5270583301636667,0.14444583196901848,0
624,655,456.63,QR,Food,DE,1,0.25227679125281705,0.1691340172554763,0
625,261,4109.84,POS,Grocery,FR,2,1.0,0.0,0
626,301,1728.69,ATM,Clothing,DE,1,0.768105177395007,0.21855663675005884,0
627,369,1741.36,QR,Clothing,TR,2,0.6984896550364151,0.2450410757270271,0
628,962,163.86,Online,Travel,UK,1,0.200275,0.22416752003881958,0
629,915,2745.83,QR,Grocery,UK,2,1.0,0.14798365696144062,0
630,370,2674.45,QR,Food,US,1,0.7555544416430523,0.2825866750034608,1
631,288,1783.18,POS,Clothing,DE,2,1.0,0.573229615560417,0
632,963,4471.62,Online,Grocery,UK,1,0.6821881932216441,0.5286595505374431,1
633,249,648.1,Online,Food,DE,2,1.0,0.10659357597116812,0
634,443,1653.85,POS,Food,UK,1,0.5311823539452005,0.23073981881682352,0
635,591,1611.31,Online,Clothing,TR,2,0.5265789165485981,0.5891398867332308,0
636,513,465.99,POS,Travel,US,1,0.8941366324582591,0.13404558066922246,0
637,905,2408.32,Online,Grocery,UK,2,0.45882004827262886,0.5057173273188544,0
638,485,3440.48,POS,Food,TR,1,0.3311855209508196,0.20786529340910103,0
639,291,2560.73,POS,Travel,UK,2,0.6078747333116601,0.03810014022415177,0
640,376,789.1,Online,Clothing,FR,1,0.49847156193709286,0.043510526848938744,0
641,260,1889.54,QR,Travel,TR,2,0.4412794113754423,0.12646399039021287,0
642,559,17.96,ATM,Food,US,1,0.3702724571785504,0.2974971206103138,0
643,413,4342.16,Online,Food,UK,2,0.33529369558602403,0.2796791219156475,1
644,121,427.16,Online,Travel,UK,1,0.4192811772524914,0.15555415774619438,0
645,352,2988.4,POS,Travel,US,2,0.7873195988488282,0.12079084126757656,1
646,847,4931.35,QR,Travel,DE,1,0.9263736105247922,0.1388487903567784,1
647,956,2685.27,QR,Travel,DE,2,0.7652549013963887,0.010468972580436946,0
648,660,4620.59,ATM,Travel,TR,1,0.5997397351202602,0.1345985390715977,1
649,574,1184.4,ATM,Grocery,TR,2,0.7885541898563487,0.5516315531478203,0
650,158,3800.98,ATM,Food,UK,1,0.200275,0.4287823521666993,0
651,610,2658.67,ATM,Electronics,UK,2,0.44209015374583613,0.3340576307374895,0
652,781,3603.98,ATM,Food,UK,1,0.3724286323776248,0.1764619448375631,0
653,575,316.4,ATM,Grocery,TR,2,0.33130983595452452,0.34739501550974495,0
654,799,742.96,QR,Electronics,UK,1,0.32836134337059246,0.2319760742118314,0
655,882,669.92,ATM,Electronics,DE,2,0.4371065226675638,0.0,0
656,289,3437.39,QR,Electronics,US,1,0.5950903695919096,0.2064951433388707,0
657,786,4222.98,ATM,Grocery,DE,2,0.6461785705029898,0.2529944372986423,1
658,662,3749.33,QR,Clothing,FR,1,0.200275,0.14444583196901848,0
659,975,157.21,POS,Grocery,DE,2,0.3047900149581714,0.1691340172554763,0
660,666,4336.74,QR,Electronics,TR,1,0.6069402365366051,0.0,0
661,343,1773.96,QR,Electronics,DE,2,0.5886218955344657,0.21855663675005884,0
662,931,1988.83,Online,Clothing,TR,1,0.4502676434578675,0.2450410757270271,0
663,604,528.82,ATM,Food,UK,2,0.57920899003351257,0.22416752003881958,1
664,230,3688.34,POS,Travel,TR,1,0.5567942684848548,0.14798365696144062,0
665,584,915.51,QR,Travel,DE,2,0.5144444037145621,0.2825866750034608,0
666,918,2822.01,Online,Food,UK,1,0.8938992859161494,0.573229615560417,0
667,746,4204.35,POS,Grocery,UK,2,0.4431566576275068,0.5286595505374431,1
668,120,450.58,POS,Food,TR,1,0.31959053719107758,0.10659357597116812,0
669,940,2679.0,QR,Clothing,FR,2,0.43595424380076477,0.23073981881682352,0
670,266,1169.92,QR,Grocery,UK,1,0.5097315158407822,0.5891398867332308,0
671,373,1717.92,POS,Electronics,UK,2,0.8460821512426785,0.13404558066922246,0
672,487,2372.48,Online,Food,FR,1,0.25055,0.5057173273188544,0
673,700,1778.75,Online,Food,TR,2,0.4460204551283239,0.20786529340910103,0
674,415,3245.87,POS,Grocery,DE,1,0.49625040440547146,0.03810014022415177,0
675,113,2400.51,POS,Travel,DE,2,0.38320409301382903,0.043510526848938744,0
676,341,2923.08,POS,Grocery,US,1,0.4545251261379579,0.12646399039021287,0
677,876,3685.43,ATM,Travel,UK,2,0.5139779436710195,0.2974971206103138,1
678,445,2790.92,ATM,Electronics,US,1,0.6476100907633981,0.2796791219156475,0
679,664,2934.74,POS,Electronics,DE,2,0.676112553641148,0.15555415774619438,0
680,997,2824.47,Online,Electronics,FR,1,0.5397629327599452,0.12079084126757656,0
681,439,1896.97,ATM,Electronics,US,2,1.0,0.1388487903567784,0
682,191,1690.55,POS,Food,TR,1,0.25055,0.010468972580436946,0
683,466,4498.74,ATM,Food,TR,2,0.7465789511055226,0.1345985390715977,1
684,554,3039.74,Online,Clothing,UK,1,0.382169672001373,0.5516315531478203,0
685,527,1225.54,QR,Food,DE,2,0.41039618694471837,0.4287823521666993,0
686,608,2493.75,ATM,Grocery,UK,1,0.25067439317894678,0.3340576307374895,0
687,875,1655.09,Online,Grocery,UK,2,0.6672758352859974,0.1764619448375631,0
688,134,4668.79,POS,Electronics,UK,1,0.6330821549899179,0.34739501550974495,1
689,305,42.63,ATM,Travel,TR,2,0.4748534439979108,0.2319760742118314,0
690,180,1130.54,ATM,Grocery,TR,1,0.3574853849824628,0.0,0
691,661,409.52,POS,Travel,UK,2,0.5428158577874983,0.2064951433388707,0
692,971,1619.66,QR,Clothing,TR,1,0.7366715214878411,0.2529944372986423,0
693,487,2719.98,POS,Travel,DE,2,0.5672364082218042,0.14444583196901848,0
694,101,450.48,ATM,Clothing,UK,1,0.25055,0.1691340172554763,0
695,489,398.71,POS,Food,TR,2,0.6582051539744275,0.0,0
696,665,437.38,Online,Food,US,1,0.6236661864115049,0.21855663675005884,0
697,205,4899.44,POS,Electronics,UK,2,0.9369351041926315,0.2450410757270271,1
698,871,233.91,ATM,Grocery,UK,1,0.6996137828276686,0.22416752003881958,0
699,921,2608.28,Online,Clothing,DE,2,0.55179025493975184,0.14798365696144062,0
700,576,1434.74,QR,Clothing,FR,1,0.48241109235489705,0.2825866750034608,0
701,802,4674.37,POS,Electronics,FR,2,0.25055,0.573229615560417,1
702,501,2864.08,QR,Travel,DE,1,0.3634511795797371,0.5286595505374431,0
703,829,1542.84,Online,Travel,FR,2,0.5650322115854651,0.10659357597116812,0
704,655,2229.62,QR,Food,DE,1,0.25055,0.23073981881682352,0
705,261,1210.64,POS,Grocery,FR,2,0.25055,0.5891398867332308,0
706,301,2631.79,ATM,Clothing,DE,1,0.25055,0.13404558066922246,0
707,369,3134.19,POS,Travel,FR,2,0.48277607416416183,0.5057173273188544,0
708,962,3859.94,Online,Travel,UK,1,0.5151125858102046,0.20786529340910103,1
709,915,4256.49,QR,Grocery,UK,2,0.5782977377469317,0.03810014022415177,1
710,370,2459.78,QR,Food,US,1,0.3836344987979603,0.043510526848938744,0
711,288,3826.54,ATM,Electronics,FR,2,0.25055,0.12646399039021287,1
712,963,1780.45,POS,Food,TR,1,0.45929502277085775,0.2974971206103138,0
713,249,3806.35,Online,Food,DE,2,0.3940527804515591,0.2796791219156475,0
714,443,1575.52,POS,Electronics,UK,1,0.25055,0.15555415774619438,0
715,591,57.77,Online,Clothing,TR,2,0.6202089648720173,0.12079084126757656,0
716,513,2563.88,POS,Travel,DE,1,0.3566138896568856,0.1388487903567784,0
717,905,2908.57,QR,Clothing,FR,2,0.4968860513982054,0.010468972580436946,0
718,485,2687.21,POS,Food,TR,1,0.5925243182967657,0.1345985390715977,0
719,291,4119.04,POS,Travel,UK,2,0.3730146264353842,0.5516315531478203,1
720,376,4762.33,Online,Clothing,FR,1,0.33982110555244867,0.4287823521666993,1
721,260,1599.98,POS,Travel,TR,2,0.2714205644021039,0.3340576307374895,0
722,559,211.77,Online,Food,US,1,0.25055,0.1764619448375631,0
723,413,2140.09,ATM,Grocery,FR,2,0.40872011136453914,0.34739501550974495,0
724,121,3873.34,Online,Travel,UK,1,0.6204170432049877,0.2319760742118314,1
725,352,1873.5,POS,Travel,US,2,0.39822719550058525,0.0,0
726,847,1312.44,QR,Travel,DE,1,0.36190971667262366,0.2064951433388707,0
727,956,422.56,POS,Travel,DE,2,0.2738676184616819,0.2529944372986423,0
728,660,3401.37,ATM,Travel,TR,1,0.4635370594502498,0.14444583196901848,1
729,574,2863.09,ATM,Grocery,TR,2,0.4210809728588829,0.1691340172554763,0
730,158,4168.04,POS,Electronics,UK,1,0.8821398051720967,0.0,1
731,610,3211.83,QR,Travel,UK,2,0.8435516785839026,0.21855663675005884,1
732,781,1341.16,ATM,Travel,UK,1,0.25055,0.2450410757270271,0
733,575,4428.16,Online,Food,UK,2,0.44116212516788446,0.22416752003881958,1
734,799,4196.48,QR,Electronics,UK,1,0.4043165694167116,0.14798365696144062,1
735,882,3577.6,QR,Clothing,DE,2,0.780922138746421,0.2825866750034608,1
736,289,2698.07,QR,Electronics,US,1,0.6981179512910349,0.573229615560417,0
737,786,3938.82,ATM,Grocery,DE,2,0.8987422593608501,0.5286595505374431,1
738,662,2719.5,POS,Grocery,FR,1,1.0,0.10659357597116812,1
739,975,131.29,POS,Grocery,DE,2,0.9340779558385326,0.23073981881682352,0
740,666,2136.96,QR,Electronics,TR,1,0.9623153763552201,0.5891398867332308,1
741,343,1750.62,QR,Electronics,DE,2,0.5771958301636667,0.13404558066922246,0
742,931,456.63,Online,Clothing,TR,1,0.30241429125281705,0.5057173273188544,0
743,604,4109.84,POS,Food,UK,2,1.0,0.20786529340910103,1
744,230,1728.69,POS,Travel,TR,1,0.818242677395007,0.03810014022415177,0
745,584,1741.36,QR,Travel,DE,2,0.7486271550364151,0.043510526848938744,0
746,918,163.86,Online,Clothing,FR,1,0.25055,0.12646399039021287,0
747,746,2745.83,POS,Grocery,UK,2,1.0,0.2974971206103138,0
748,120,2674.45,POS,Food,TR,1,0.8056919416430523,0.2796791219156475,0
749,940,1783.18,Online,Food,US,2,1.0,0.15555415774619438,1
750,266,4471.62,QR,Grocery,UK,1,0.7323256932216441,0.12079084126757656,1
751,373,648.1,POS,Electronics,UK,2,1.0,0.1388487903567784,0
752,487,1653.85,POS,Travel,DE,1,0.5813198539452005,0.010468972580436946,0
753,700,1611.31,QR,Clothing,US,2,0.5767164165485981,0.1345985390715977,0
754,415,465.99,ATM,Travel,UK,1,0.9442741324582591,0.5516315531478203,0
755,113,2408.32,POS,Clothing,DE,2,0.5089575482726289,0.4287823521666993,0
756,341,3440.48,POS,Grocery,US,1,0.3811855209508196,0.3340576307374895,0
757,876,2560.73,ATM,Travel,UK,2,0.6578747333116601,0.1764619448375631,0
758,445,789.1,ATM,Electronics,US,1,0.5484715619370928,0.34739501550974495,0
759,664,1889.54,POS,Electronics,DE,2,0.4912794113754423,0.2319760742118314,0
760,997,17.96,Online,Electronics,FR,1,0.4202724571785504,0.0,0
761,439,4342.16,ATM,Electronics,US,2,0.38515619558602403,0.2064951433388707,1
762,191,427.16,POS,Food,TR,1,0.4691436772524914,0.2529944372986423,0
763,466,2988.4,ATM,Clothing,TR,2,0.8370445988488282,0.14444583196901848,1
764,554,4931.35,Online,Clothing,UK,1,0.9760986105247922,0.1691340172554763,1
765,527,2685.27,QR,Food,DE,2,0.8149799013963887,0.0,0
766,608,4620.59,ATM,Grocery,UK,1,0.5496022351202602,0.21855663675005884,1
767,875,1184.4,Online,Grocery,UK,2,0.7384166898563487,0.2450410757270271,0
768,134,3800.98,POS,Electronics,UK,1,0.25055,0.22416752003881958,0
769,305,2658.67,ATM,Travel,TR,2,0.39181515374583613,0.14798365696144062,0
770,180,3603.98,ATM,Grocery,TR,1,0.3222911323776248,0.2825866750034608,0
771,661,316.4,POS,Travel,UK,2,0.2811723359545245,0.573229615560417,0
772,971,742.96,QR,Clothing,TR,1,0.27822384337059246,0.5286595505374431,0
773,487,669.92,POS,Travel,DE,2,0.3869690226675638,0.10659357597116812,0
774,101,3437.39,ATM,Clothing,UK,1,0.5449528695919096,0.23073981881682352,0
775,489,4222.98,POS,Food,TR,2,0.5960410705029898,0.5891398867332308,1
776,665,3749.33,Online,Food,US,1,0.25055,0.13404558066922246,0
777,205,157.21,ATM,Electronics,UK,2,0.2546625149581714,0.5057173273188544,0
778,871,4336.74,ATM,Grocery,UK,1,0.5568027365366051,0.20786529340910103,0
779,921,1773.96,POS,Electronics,DE,2,0.5384843955344657,0.03810014022415177,0
780,576,1988.83,QR,Clothing,FR,1,0.4001301434578675,0.043510526848938744,0
781,802,528.82,POS,Electronics,FR,2,0.52893399003351257,0.12646399039021287,1
782,501,3688.34,QR,Travel,DE,1,0.5066617684848548,0.2974971206103138,0
783,829,915.51,Online,Travel,FR,2,0.4643069037145621,0.2796791219156475,0
784,655,2822.01,QR,Food,DE,1,0.8437617859161494,0.15555415774619438,0
785,261,4204.35,POS,Grocery,FR,2,0.3930191576275068,0.12079084126757656,1
786,301,450.58,ATM,Clothing,DE,1,0.26945303719107758,0.1388487903567784,0
787,369,2679.0,POS,Travel,FR,2,0.38581674380076477,0.010468972580436946,0
788,962,1169.92,Online,Travel,UK,1,0.4595940158407822,0.1345985390715977,0
789,915,1717.92,QR,Grocery,UK,2,0.7959446512426785,0.5516315531478203,0
790,370,2372.48,QR,Food,US,1,0.200275,0.4287823521666993,0
791,288,1778.75,Online,Clothing,DE,2,0.3958829551283239,0.3340576307374895,0
792,963,3245.87,POS,Food,FR,1,0.44611290440547146,0.1764619448375631,0
793,249,2400.51,POS,Food,DE,2,0.33306659301382903,0.34739501550974495,0
794,443,2923.08,Online,Travel,UK,1,0.4043876261379579,0.2319760742118314,0
795,742,3685.43,POS,Electronics,UK,2,0.4638404436710195,0.0,0
796,121,2790.92,Online,Travel,UK,1,0.5974725907633981,0.2064951433388707,0
797,314,2934.74,Online,Travel,TR,2,0.625975053641148,0.2529944372986423,0
798,430,2824.47,QR,Food,DE,1,0.4896254327599452,0.14444583196901848,0
799,558,1896.97,POS,Electronics,US,2,1.0,0.1691340172554763,0
800,187,1690.55,ATM,Food,DE,1,0.25055,0.0,0
801,472,4498.74,POS,Electronics,DE,2,0.6964414511055226,0.21855663675005884,1
802,199,3039.74,POS,Electronics,UK,1,0.332032172001373,0.2450410757270271,0
803,971,1225.54,ATM,Grocery,TR,2,0.36025868694471837,0.22416752003881958,0
804,763,2493.75,QR,Grocery,US,1,0.20053689317894679,0.14798365696144062,0
805,230,1655.09,POS,Electronics,DE,2,0.6171383352859974,0.2825866750034608,0
806,761,4668.79,Online,Food,TR,1,0.5829446549899179,0.573229615560417,1
807,408,42.63,POS,Travel,FR,2,0.4247159439979108,0.5286595505374431,0
808,869,1130.54,ATM,Grocery,US,1,0.30734788498246281,0.10659357597116812,0
809,443,409.52,Online,Travel,FR,2,0.4926783577874983,0.23073981881682352,0
810,591,1619.66,ATM,Electronics,TR,1,0.6865340214878411,0.5891398867332308,0
811,513,2719.98,ATM,Clothing,TR,2,0.5170989082218042,0.13404558066922246,0
812,905,450.48,QR,Clothing,FR,1,0.200275,0.5057173273188544,0
813,485,398.71,POS,Food,TR,2,0.6080676539744275,0.20786529340910103,0
814,291,437.38,POS,Travel,UK,1,0.5735286864115049,0.03810014022415177,0
815,376,4899.44,Online,Clothing,FR,2,0.8867976041926315,0.043510526848938744,1
816,260,233.91,QR,Travel,TR,1,0.6494762828276686,0.12646399039021287,0
817,559,2608.28,ATM,Food,US,2,0.50165275493975184,0.2974971206103138,0
818,413,1434.74,Online,Food,UK,1,0.43227359235489705,0.2796791219156475,0
819,121,4674.37,Online,Travel,UK,2,0.200275,0.15555415774619438,1
820,352,2864.08,POS,Travel,US,1,0.31331367957973711,0.12079084126757656,0
821,847,1542.84,QR,Travel,DE,2,0.5148947115854651,0.1388487903567784,0
822,956,2229.62,QR,Travel,DE,1,0.200275,0.010468972580436946,0
823,660,1210.64,ATM,Travel,TR,2,0.200275,0.1345985390715977,0
824,574,2631.79,ATM,Grocery,TR,1,0.200275,0.5516315531478203,0
825,158,3134.19,ATM,Food,UK,2,0.43263857416416183,0.4287823521666993,0
826,610,3859.94,ATM,Electronics,FR,1,0.4649750858102046,0.3340576307374895,0
827,781,4256.49,ATM,Food,UK,2,0.5281602377469317,0.1764619448375631,1
828,575,2459.78,ATM,Grocery,TR,1,0.3334969987979603,0.34739501550974495,0
829,799,3826.54,QR,Electronics,UK,2,0.200275,0.2319760742118314,0
830,882,1780.45,ATM,Electronics,DE,1,0.40915752277085775,0.0,0
831,289,3806.35,QR,Electronics,US,2,0.3439152804515591,0.2064951433388707,0
832,786,1575.52,ATM,Grocery,DE,1,0.200275,0.2529944372986423,0
833,662,57.77,QR,Clothing,FR,2,0.5700714648720173,0.14444583196901848,0
834,975,2563.88,POS,Grocery,DE,1,0.3064763896568856,0.1691340172554763,0
835,666,2908.57,QR,Electronics,TR,2,0.4467485513982054,0.0,0
836,343,2687.21,QR,Electronics,DE,1,0.5423868301636667,0.21855663675005884,0
837,931,4119.04,Online,Clothing,TR,2,0.3228771264353842,0.2450410757270271,1
838,604,4762.33,POS,Food,UK,1,0.28968360555244867,0.22416752003881958,1
839,230,1599.98,POS,Travel,TR,2,0.22128306440210392,0.14798365696144062,0
840,584,211.77,Online,Food,UK,1,0.200275,0.2825866750034608,0
841,918,2140.09,QR,Travel,FR,2,0.35858261136453914,0.573229615560417,0
842,746,3873.34,POS,Food,DE,1,0.5702795432049877,0.5286595505374431,1
843,120,1873.5,POS,Grocery,TR,2,0.34808969550058525,0.10659357597116812,0
844,940,1312.44,Online,Food,US,1,0.31177221667262366,0.23073981881682352,0
845,266,422.56,QR,Travel,DE,2,0.22373011846168189,0.5891398867332308,0
846,373,3401.37,Online,Electronics,UK,1,0.4133995594502498,0.13404558066922246,1
847,487,2863.09,POS,Travel,DE,2,0.3709434728588829,0.5057173273188544,0
848,700,4168.04,QR,Clothing,US,1,0.8320023051720967,0.20786529340910103,1
849,415,3211.83,ATM,Grocery,TR,2,0.7934141785839026,0.03810014022415177,1
850,113,1341.16,POS,Clothing,DE,1,0.200275,0.043510526848938744,0
851,341,4428.16,POS,Grocery,US,2,0.39102462516788446,0.12646399039021287,1
852,876,4196.48,ATM,Travel,UK,1,0.3541790694167116,0.2974971206103138,1
853,445,3577.6,ATM,Electronics,US,2,0.730784638746421,0.2796791219156475,1
854,664,2698.07,POS,Electronics,DE,1,0.6479804512910349,0.15555415774619438,0
855,997,3938.82,Online,Electronics,FR,2,0.8486047593608501,0.12079084126757656,1
856,439,2719.5,ATM,Electronics,US,1,0.9751923848055885,0.1388487903567784,0
857,191,131.29,POS,Food,TR,2,0.8839399558385326,0.010468972580436946,0
858,466,2136.96,ATM,Clothing,TR,1,0.9121778763552201,0.1345985390715977,1
859,554,1750.62,Online,Clothing,UK,2,0.5270583301636667,0.5516315531478203,0
860,527,456.63,QR,Food,DE,1,0.25227679125281705,0.4287823521666993,0
861,608,4109.84,ATM,Grocery,UK,2,1.0,0.3340576307374895,1
862,875,1728.69,Online,Grocery,UK,1,0.768105177395007,0.1764619448375631,0
863,134,1741.36,POS,Electronics,UK,2,0.6984896550364151,0.34739501550974495,0
864,305,163.86,ATM,Travel,TR,1,0.200275,0.2319760742118314,0
865,180,2745.83,ATM,Grocery,TR,2,1.0,0.0,0
866,661,2674.45,POS,Travel,UK,1,0.7555544416430523,0.2064951433388707,1
867,971,1783.18,QR,Clothing,TR,2,1.0,0.2529944372986423,0
868,487,4471.62,POS,Travel,DE,1,0.6821881932216441,0.14444583196901848,1
869,101,648.1,ATM,Clothing,UK,2,1.0,0.1691340172554763,0
870,489,1653.85,POS,Food,TR,1,0.5311823539452005,0.0,0
871,665,1611.31,Online,Food,US,2,0.5265789165485981,0.21855663675005884,0
872,205,465.99,ATM,Grocery,TR,1,0.7941366324582591,0.2450410757270271,0
873,871,2408.32,ATM,Grocery,UK,2,0.45882004827262886,0.22416752003881958,0
874,921,3440.48,Online,Clothing,DE,1,0.3311855209508196,0.14798365696144062,0
875,576,2560.73,QR,Clothing,FR,2,0.6078747333116601,0.2825866750034608,0
876,802,789.1,POS,Electronics,FR,1,0.49847156193709286,0.573229615560417,0
877,501,1889.54,Online,Travel,DE,2,0.4412794113754423,0.5286595505374431,0
878,829,17.96,Online,Travel,FR,1,0.3702724571785504,0.10659357597116812,0
879,655,4342.16,QR,Food,DE,2,0.33529369558602403,0.23073981881682352,1
880,261,427.16,POS,Grocery,FR,1,0.4192811772524914,0.5891398867332308,0
881,301,2988.4,ATM,Clothing,DE,2,0.7873195988488282,0.13404558066922246,1
882,369,4931.35,QR,Travel,FR,1,0.9263736105247922,0.5057173273188544,1
883,962,2685.27,Online,Travel,UK,2,0.7652549013963887,0.20786529340910103,0
884,915,4620.59,QR,Grocery,UK,1,0.5997397351202602,0.03810014022415177,1
885,370,1184.4,QR,Food,US,2,0.7885541898563487,0.043510526848938744,0
886,288,3800.98,POS,Clothing,DE,1,0.200275,0.12646399039021287,0
887,963,2658.67,Online,Travel,FR,2,0.44209015374583613,0.2974971206103138,0
888,249,3603.98,POS,Travel,DE,1,0.3724286323776248,0.2796791219156475,0
889,443,316.4,Online,Travel,UK,2,0.33130983595452452,0.15555415774619438,0
890,742,742.96,POS,Electronics,UK,1,0.32836134337059246,0.12079084126757656,0
891,121,669.92,Online,Travel,UK,2,0.4371065226675638,0.1388487903567784,0
892,314,3437.39,Online,Travel,TR,1,0.5950903695919096,0.010468972580436946,0
893,430,4222.98,QR,Food,DE,2,0.6461785705029898,0.1345985390715977,1
894,558,3749.33,POS,Electronics,US,1,0.200275,0.5516315531478203,0
895,187,157.21,ATM,Food,DE,2,0.3047900149581714,0.4287823521666993,0
896,472,4336.74,POS,Electronics,DE,1,0.6069402365366051,0.3340576307374895,0
897,199,1773.96,POS,Electronics,UK,2,0.5886218955344657,0.1764619448375631,0
898,971,1988.83,ATM,Grocery,TR,1,0.4502676434578675,0.34739501550974495,0
899,763,528.82,QR,Grocery,US,2,0.57920899003351257,0.2319760742118314,1
900,230,3688.34,ATM,Electronics,DE,1,0.5567942684848548,0.0,0
901,761,915.51,Online,Food,TR,2,0.5144444037145621,0.2064951433388707,0
902,408,2822.01,POS,Travel,FR,1,0.8938992859161494,0.2529944372986423,0
903,869,4204.35,ATM,Grocery,US,2,0.4431566576275068,0.14444583196901848,1
904,443,450.58,Online,Travel,FR,1,0.31959053719107758,0.1691340172554763,0
905,591,2679.0,ATM,Electronics,TR,2,0.43595424380076477,0.0,0
906,513,1169.92,POS,Travel,DE,1,0.5097315158407822,0.21855663675005884,0
907,905,1717.92,QR,Clothing,FR,2,0.8460821512426785,0.2450410757270271,0
908,485,2372.48,POS,Food,TR,1,0.25055,0.22416752003881958,0
909,291,1778.75,POS,Travel,UK,2,0.4460204551283239,0.14798365696144062,0
910,376,3245.87,QR,Electronics,FR,1,0.49625040440547146,0.2825866750034608,0
911,260,2400.51,POS,Travel,TR,2,0.38320409301382903,0.573229615560417,0
912,559,2923.08,ATM,Food,US,1,0.4545251261379579,0.5286595505374431,0
913,413,3685.43,Online,Food,UK,2,0.5139779436710195,0.10659357597116812,1
914,121,2790.92,Online,Travel,UK,1,0.6476100907633981,0.23073981881682352,0
915,352,2934.74,POS,Travel,US,2,0.676112553641148,0.5891398867332308,0
916,847,2824.47,QR,Travel,DE,1,0.5397629327599452,0.13404558066922246,0
917,956,1896.97,QR,Travel,DE,2,1.0,0.5057173273188544,0
918,660,1690.55,ATM,Travel,TR,1,0.25055,0.20786529340910103,0
919,574,4498.74,ATM,Grocery,TR,2,0.7465789511055226,0.03810014022415177,1
920,158,3039.74,Online,Food,UK,1,0.382169672001373,0.043510526848938744,0
921,610,1225.54,QR,Travel,UK,2,0.41039618694471837,0.12646399039021287,0
922,781,2493.75,ATM,Travel,UK,1,0.25067439317894678,0.2974971206103138,0
923,575,1655.09,ATM,Grocery,TR,2,0.6672758352859974,0.2796791219156475,0
924,799,4668.79,QR,Electronics,UK,1,0.6330821549899179,0.15555415774619438,1
925,882,42.63,ATM,Electronics,DE,2,0.4748534439979108,0.12079084126757656,0
926,289,1130.54,QR,Electronics,US,1,0.3574853849824628,0.1388487903567784,0
927,786,409.52,ATM,Grocery,DE,2,0.5428158577874983,0.010468972580436946,0
928,662,1619.66,QR,Clothing,FR,1,0.7366715214878411,0.1345985390715977,0
929,975,2719.98,POS,Grocery,DE,2,0.5672364082218042,0.5516315531478203,0
930,666,450.48,QR,Electronics,TR,1,0.25055,0.4287823521666993,0
931,343,398.71,QR,Electronics,DE,2,0.6582051539744275,0.3340576307374895,0
932,931,437.38,Online,Clothing,TR,1,0.6236661864115049,0.1764619448375631,0
933,604,4899.44,POS,Food,UK,2,0.9369351041926315,0.34739501550974495,1
934,230,233.91,POS,Travel,TR,1,0.6996137828276686,0.2319760742118314,0
935,584,2608.28,QR,Travel,DE,2,0.55179025493975184,0.0,0
936,918,1434.74,Online,Food,UK,1,0.48241109235489705,0.2064951433388707,0
937,746,4674.37,POS,Grocery,UK,2,0.25055,0.2529944372986423,1
938,120,2864.08,POS,Food,TR,1,0.3634511795797371,0.14444583196901848,0
939,940,1542.84,Online,Food,US,2,0.5650322115854651,0.1691340172554763,0
940,266,2229.62,QR,Travel,DE,1,0.25055,0.0,0
941,373,1210.64,Online,Electronics,UK,2,0.25055,0.21855663675005884,0
942,487,2631.79,POS,Travel,DE,1,0.25055,0.2450410757270271,0
943,700,3134.19,QR,Clothing,US,2,0.48277607416416183,0.22416752003881958,0
944,415,3859.94,ATM,Grocery,TR,1,0.5151125858102046,0.14798365696144062,1
945,113,4256.49,POS,Clothing,DE,2,0.5782977377469317,0.2825866750034608,1
946,341,2459.78,POS,Grocery,US,1,0.3836344987979603,0.573229615560417,0
947,876,3826.54,ATM,Travel,UK,2,0.25055,0.5286595505374431,0
948,445,1780.45,ATM,Electronics,US,1,0.45929502277085775,0.10659357597116812,0
949,664,3806.35,POS,Electronics,DE,2,0.3940527804515591,0.23073981881682352,0
950,997,1575.52,Online,Electronics,FR,1,0.25055,0.5891398867332308,0
951,439,57.77,ATM,Electronics,US,2,0.6202089648720173,0.13404558066922246,0
952,191,2563.88,POS,Food,TR,1,0.3566138896568856,0.5057173273188544,0
953,466,2908.57,ATM,Food,TR,2,0.4968860513982054,0.20786529340910103,0
954,554,2687.21,Online,Clothing,UK,1,0.5925243182967657,0.03810014022415177,0
955,527,4119.04,POS,Food,DE,2,0.3730146264353842,0.043510526848938744,1
956,608,4762.33,ATM,Grocery,UK,1,0.33982110555244867,0.12646399039021287,1
957,875,1599.98,QR,Grocery,UK,2,0.2714205644021039,0.2974971206103138,0
958,134,211.77,ATM,Electronics,UK,1,0.25055,0.2796791219156475,0
959,305,2140.09,ATM,Travel,TR,2,0.40872011136453914,0.15555415774619438,0
960,180,3873.34,ATM,Grocery,TR,1,0.6204170432049877,0.12079084126757656,1
961,661,1873.5,POS,Travel,UK,2,0.39822719550058525,0.1388487903567784,0
962,971,1312.44,QR,Clothing,TR,1,0.36190971667262366,0.010468972580436946,0
963,487,422.56,POS,Travel,DE,2,0.2738676184616819,0.1345985390715977,0
964,101,3401.37,ATM,Clothing,UK,1,0.4635370594502498,0.5516315531478203,1
965,489,2863.09,POS,Food,TR,2,0.4210809728588829,0.4287823521666993,0
966,665,4168.04,Online,Food,US,1,0.8821398051720967,0.3340576307374895,1
967,205,3211.83,ATM,Electronics,UK,2,0.8435516785839026,0.1764619448375631,1
968,871,1341.16,ATM,Grocery,UK,1,0.25055,0.34739501550974495,0
969,921,4428.16,POS,Electronics,DE,2,0.44116212516788446,0.2319760742118314,1
970,576,4196.48,QR,Clothing,FR,1,0.4043165694167116,0.0,1
971,802,3577.6,POS,Electronics,FR,2,0.780922138746421,0.2064951433388707,1
972,501,2698.07,QR,Travel,DE,1,0.6981179512910349,0.2529944372986423,0
973,829,3938.82,Online,Clothing,DE,2,0.8987422593608501,0.14444583196901848,1
974,655,2719.5,QR,Food,DE,1,1.0,0.1691340172554763,1
975,261,131.29,POS,Grocery,FR,2,0.9340779558385326,0.0,0
976,301,2136.96,ATM,Clothing,DE,1,0.9623153763552201,0.21855663675005884,1
977,369,1750.62,QR,Travel,FR,2,0.5771958301636667,0.2450410757270271,0
978,962,456.63,Online,Travel,UK,1,0.30241429125281705,0.22416752003881958,0
979,915,4109.84,QR,Grocery,UK,2,1.0,0.14798365696144062,1
980,370,1728.69,QR,Food,US,1,0.818242677395007,0.2825866750034608,0
981,288,1741.36,ATM,Electronics,FR,2,0.7486271550364151,0.573229615560417,0
982,963,163.86,POS,Food,FR,1,0.25055,0.5286595505374431,0
983,249,2745.83,POS,Food,DE,2,1.0,0.10659357597116812,0
984,443,2674.45,Online,Travel,UK,1,0.8056919416430523,0.23073981881682352,0
985,742,1783.18,POS,Electronics,UK,2,1.0,0.5891398867332308,1
986,121,4471.62,Online,Travel,UK,1,0.7323256932216441,0.13404558066922246,1
987,314,648.1,Online,Travel,TR,2,1.0,0.5057173273188544,0
988,430,1653.85,QR,Food,DE,1,0.5813198539452005,0.20786529340910103,0
989,558,1611.31,POS,Electronics,US,2,0.5767164165485981,0.03810014022415177,0
990,187,465.99,ATM,Food,DE,1,0.9442741324582591,0.043510526848938744,0
991,472,2408.32,POS,Electronics,DE,2,0.5089575482726289,0.12646399039021287,0
992,199,3440.48,POS,Electronics,UK,1,0.3811855209508196,0.2974971206103138,0
993,971,2560.73,ATM,Grocery,TR,2,0.6578747333116601,0.2796791219156475,0
994,763,789.1,QR,Grocery,US,1,0.5484715619370928,0.15555415774619438,0
995,230,1889.54,POS,Electronics,DE,2,0.4912794113754423,0.12079084126757656,0
996,761,17.96,Online,Food,TR,1,0.4202724571785504,0.1388487903567784,0
997,408,4342.16,POS,Travel,FR,2,0.38515619558602403,0.010468972580436946,1
998,869,427.16,ATM,Grocery,US,1,0.4691436772524914,0.1345985390715977,0
999,443,2988.4,Online,Travel,FR,2,0.8370445988488282,0.5516315531478203,1
1000,591,4931.35,Online,Clothing,TR,1,0.9760986105247922,0.4287823521666993,1